ID,Quantity,UnitPrice,Invoice,Date
1230002,2,45000,INV88122022,01/01/2021
1230001,1,70000,INV92092022,29/09/2021
1230005,25,3660000,INV70122022,20/12/2021
1230088,5,1000000,INV05122021,20/12/2021
1230003,49,4445000,INV92122022,29/12/2021
1230006,7,590000,INV101122022,29/12/2021
1230002,2,45000,INV88122022,01/01/2022
1230004,12,1200000,INV57122022,01/01/2022
1230007,2,96000,INV01012022,01/01/2022
1230008,2,80000,INV02012022,01/01/2022
1230008,3,123000,INV05012022,03/01/2022
1230009,1,110000,INV03012022,03/01/2022
1230010,7,175000,INV04012022,03/01/2022
1230007,28,1114000,INV06012022,04/01/2022
1230008,2,83000,INV08012022,05/01/2022
1230015,2,115000,INV09012022,05/01/2022
1230016,1,90000,INV10012022,05/01/2022
1230017,8,326000,INV11012022,05/01/2022
1230018,8,289000,INV12012022,05/01/2022
1230008,6,256000,INV15012022,06/01/2022
1230019,19,1295000,INV14012022,06/01/2022
1230021,2,90000,INV16012022,06/01/2022
1230022,3,126000,INV17012022,06/01/2022
1230023,30,1169000,INV18012022,06/01/2022
1230024,31,556500,INV19012022,06/01/2022
1230025,1,55000,INV20012022,06/01/2022
1230007,2,80000,INV24012022,07/01/2022
1230008,2,80000,INV07012022,07/01/2022
1230010,1,95000,INV23012022,07/01/2022
1230026,2,150000,INV21012022,07/01/2022
1230027,1,95000,INV22012022,07/01/2022
1230030,70,6650000,INV25012022,07/01/2022
1230031,1,45000,INV26012022,08/01/2022
1230032,13,1140000,INV27012022,08/01/2022
1230007,7,284000,INV28012022,09/01/2022
1230005,18,965000,INV31012022,10/01/2022
1230034,16,1320000,INV29012022,10/01/2022
1230035,2,50000,INV30012022,10/01/2022
1230037,1,55000,INV32012022,11/01/2022
1230007,12,54000,INV34012022,12/01/2022
1230007,1,40000,INV35012022,12/01/2022
1230007,1,43000,INV37012022,13/01/2022
1230040,12,920000,INV36012022,13/01/2022
1230042,168,1680000,INV38012022,13/01/2022
1230043,5,330000,INV39012022,13/01/2022
1230008,3,131000,INV40012022,14/01/2022
1230007,9,366000,INV41012022,15/01/2022
1230046,1,55000,INV42012022,15/01/2022
1230047,4,190000,INV43012022,15/01/2022
1230047,100,4826000,INV44012022,15/01/2022
1230049,12,1140000,INV45012022,17/01/2022
1230050,4,172000,INV48012022,17/01/2022
1230051,20,1645000,INV49012022,17/01/2022
1230052,8,240000,INV50012022,17/01/2022
1230088,72,4695000,INV47012022,17/01/2022
1230093,100,3500000,INV46012022,17/01/2022
1230007,3,120000,INV52012022,18/01/2022
1230053,1,55000,INV51012022,18/01/2022
1230055,2,135000,INV53012022,19/01/2022
1230056,1,45000,INV54012022,19/01/2022
1230008,1,40000,INV55012022,20/01/2022
1230008,2,83000,INV58012022,21/01/2022
1230058,1,60000,INV56012022,21/01/2022
1230059,10,600000,INV57012022,21/01/2022
1230007,2,100000,INV60012022,22/01/2022
1230047,3,136000,INV62012022,22/01/2022
1230058,1,40000,INV66012022,22/01/2022
1230061,13,1065000,INV59012022,22/01/2022
1230063,5,360000,INV61012022,22/01/2022
1230065,12,240000,INV63012022,22/01/2022
1230066,2,175000,INV64012022,22/01/2022
1230091,68,5780000,INV67012022,24/01/2022
1230069,45,3745000,INV69012022,25/01/2022
1230007,1,40000,INV68012022,26/01/2022
1230007,15,622000,INV72012022,26/01/2022
1230069,1,40000,INV70012022,26/01/2022
1230070,14,105000,INV71012022,26/01/2022
1230072,5,275000,INV73012022,26/01/2022
1230095,100,5500000,INV74012022,26/01/2022
1230073,1,45000,INV75012022,27/01/2022
1230074,1,150000,INV76012022,27/01/2022
1230075,39,555000,INV77012022,27/01/2022
1230005,1,75000,INV81012022,28/01/2022
1230007,1,43000,INV82012022,28/01/2022
1230015,1,20000,INV85012022,28/01/2022
1230076,1,55000,INV79012022,28/01/2022
1230077,1,65000,INV80012022,28/01/2022
1230080,42,1265000,INV84012022,28/01/2022
1230089,3,250000,INV83012022,28/01/2022
1230094,1,75000,INV78012022,28/01/2022
1230082,1,50000,INV86012022,29/01/2022
1230083,1,100000,INV87012022,29/01/2022
1230084,4,360000,INV88012022,29/01/2022
1230085,2,150000,INV89012022,30/01/2022
1230005,1,48000,INV90012022,31/01/2022
1230087,2,50000,INV91012022,31/01/2022
1230050,13,605000,INV02022022,01/02/2022
1230096,30,2260000,INV01022022,01/02/2022
1230007,2,80000,INV03022022,02/02/2022
1230008,2,88000,INV04022022,02/02/2022
1230016,3,250000,INV06022022,04/02/2022
1230050,2,91000,INV05022022,04/02/2022
1230102,4,140000,INV07022022,04/02/2022
1230103,1,30000,INV08022022,04/02/2022
1230008,1,50000,INV10022022,05/02/2022
1230008,3,120000,INV14022022,05/02/2022
1230047,34,1681000,INV11022022,05/02/2022
1230047,15,627000,INV12022022,05/02/2022
1230047,1,53000,INV13022022,05/02/2022
1230083,1,10000,INV17022022,05/02/2022
1230104,1,75000,INV09022022,05/02/2022
1230110,1,55000,INV15022022,05/02/2022
1230035,3,118000,INV18022022,06/02/2022
1231721,1,40320,INV19022022,07/02/2022
1230007,2,100000,INV23022022,08/02/2022
1230015,1,75000,INV20022022,08/02/2022
1230115,24,3680000,INV21022022,08/02/2022
1230116,3,240000,INV22022022,08/02/2022
1230007,1,40000,INV28022022,10/02/2022
1230157,4,235000,INV27022022,10/02/2022
1230158,3,472500,INV24022022,10/02/2022
1230005,1,65000,INV29022022,11/02/2022
1230035,2,80000,INV25022022,11/02/2022
1230119,5,255000,INV26022022,11/02/2022
1230122,24,2165000,INV30022022,12/02/2022
1230019,31,2195000,INV31022022,14/02/2022
1230047,2,129000,INV34022022,14/02/2022
1230124,2,210000,INV32022022,14/02/2022
1230155,2,90000,INV33022022,14/02/2022
1230126,6,400000,INV35022022,15/02/2022
1230127,2,80000,INV36022022,15/02/2022
1230128,2,70000,INV37022022,15/02/2022
1230129,6,185000,INV38022022,15/02/2022
1230016,2,180000,INV40022022,17/02/2022
1230159,10,900000,INV41022022,17/02/2022
1230007,2,80000,INV43022022,18/02/2022
1230131,1,45000,INV42022022,18/02/2022
1230007,1,40000,INV46022022,19/02/2022
1230047,4,199000,INV45022022,19/02/2022
1230122,3,275000,INV44022022,19/02/2022
1230017,3,105000,INV51022022,21/02/2022
1230047,8,361000,INV48022022,21/02/2022
1230126,3,215000,INV49022022,21/02/2022
1230126,2,150000,INV50022022,21/02/2022
1230136,1,55000,INV47022022,21/02/2022
1230141,1,50000,INV52022022,21/02/2022
1230142,1,100000,INV54022022,22/02/2022
1230143,4,40000,INV55022022,22/02/2022
1230047,10,528000,INV56022022,23/02/2022
1230047,1,35000,INV57022022,23/02/2022
1230080,16,212000,INV59022022,23/02/2022
1230146,2,150000,INV58022022,23/02/2022
1230148,1,65000,INV60022022,23/02/2022
1230149,4,320000,INV61022022,23/02/2022
1230007,1,30000,INV63022022,25/02/2022
1230008,1,43000,INV65022022,25/02/2022
1230126,4,350000,INV62022022,25/02/2022
1230154,12,1015000,INV64022022,25/02/2022
1230127,4,192000,INV66022022,26/02/2022
1230153,3,205000,INV67022022,26/02/2022
1230047,75,3101000,INV01032022,01/03/2022
1230129,1,55000,INV04032022,01/03/2022
1230162,1,60000,INV03032022,01/03/2022
1230017,2,86000,INV02032022,02/03/2022
1230164,32,2390000,INV05032022,02/03/2022
1230153,6,450000,INV07032022,04/03/2022
1230165,1,35000,INV06032022,04/03/2022
1230167,3,195000,INV09032022,04/03/2022
1230168,2,180000,INV10032022,04/03/2022
1230047,11,572000,INV17032022,05/03/2022
1230169,1,45000,INV11032022,05/03/2022
1230170,1,35000,INV12032022,05/03/2022
1230171,52,4480000,INV13032022,05/03/2022
1230172,1,85000,INV14032022,05/03/2022
1230173,10,590000,INV15032022,05/03/2022
1230174,4,355000,INV16032022,05/03/2022
1230110,2,120000,INV19032022,06/03/2022
1230110,3,105000,INV20032022,06/03/2022
1230176,8,120000,INV18032022,06/03/2022
1230017,25,1260000,INV21032022,07/03/2022
1230072,13,1250000,INV24032022,07/03/2022
1230128,2,70000,INV22032022,07/03/2022
1230159,5,450000,INV23032022,07/03/2022
1230183,1,60000,INV25032022,07/03/2022
1230008,1,40000,INV28032022,08/03/2022
1230072,4,120000,INV30032022,08/03/2022
1230159,19,1880000,INV26032022,08/03/2022
1230185,127,11430000,INV27032022,08/03/2022
1230187,1,60000,INV29032022,08/03/2022
1230017,7,558000,INV31032022,09/03/2022
1230190,34,5960000,INV32032022,09/03/2022
1230191,11,680000,INV33032022,09/03/2022
1230192,4,245000,INV34032022,09/03/2022
1230193,1,65000,INV35032022,10/03/2022
1230194,7,520000,INV37032022,12/03/2022
1230018,1,43000,INV40032022,14/03/2022
1230157,1,80000,INV39032022,14/03/2022
1230195,4,380000,INV38032022,14/03/2022
1230127,1,53000,INV41032022,15/03/2022
1230199,2,900000,INV42032022,15/03/2022
1230200,1,110000,INV43032022,16/03/2022
1230035,3,120000,INV45032022,17/03/2022
1230201,48,3730000,INV44032022,17/03/2022
1230203,1,150000,INV46032022,17/03/2022
1230204,1,150000,INV47032022,17/03/2022
1230205,1,75000,INV48032022,18/03/2022
1230206,18,1660000,INV49032022,18/03/2022
1230207,3,240000,INV50032022,18/03/2022
1230208,23,575000,INV52032022,19/03/2022
1230005,1,180000,INV59032022,21/03/2022
1230154,3,105000,INV58032022,21/03/2022
1230209,28,3095000,INV53032022,21/03/2022
1230210,1,55000,INV54032022,21/03/2022
1230211,20,1610000,INV55032022,21/03/2022
1230212,1,85000,INV56032022,21/03/2022
1230190,4,400000,INV61032022,22/03/2022
1230215,3,175000,INV60032022,22/03/2022
1230017,2,88000,INV62032022,23/03/2022
1230052,29,2385000,INV64032022,23/03/2022
1230220,1,85000,INV65032022,23/03/2022
1231388,6,330000,INV63032022,23/03/2022
1231388,1,55000,INV66032022,23/03/2022
1230015,1,65000,INV71032022,24/03/2022
1230025,1,55000,INV72032022,24/03/2022
1230072,2,190000,INV68032022,24/03/2022
1230222,1,35000,INV67032022,24/03/2022
1230224,1,85000,INV69032022,24/03/2022
1230225,1,150000,INV70032022,24/03/2022
1230190,7,515000,INV73032022,25/03/2022
1230222,1,75000,INV74032022,26/03/2022
1230055,4,220000,INV75032022,27/03/2022
1230017,3,126000,INV77032022,28/03/2022
1230148,10,565000,INV76032022,28/03/2022
1230233,11,700000,INV78032022,28/03/2022
1230211,3,255000,INV80032022,29/03/2022
1230234,2,120000,INV79032022,29/03/2022
1230236,7,570000,INV83032022,29/03/2022
1230237,1,60000,INV84032022,29/03/2022
1230238,1,25000,INV85032022,29/03/2022
1230239,1,95000,INV87032022,30/03/2022
1230236,1,85000,INV89032022,31/03/2022
1230017,22,928000,INV88032022,01/04/2022
1230017,4,160000,INV04042022,01/04/2022
1230194,3,235000,INV57032022,01/04/2022
1230241,2,70000,INV86032022,01/04/2022
1230242,17,1590000,INV82032022,01/04/2022
1230243,33,2525000,INV54032022,01/04/2022
1230246,21,1520000,INV01042022,01/04/2022
1230246,20,1710000,INV02042022,01/04/2022
1230246,20,1770000,INV03042022,01/04/2022
1230250,3,260000,INV05042022,01/04/2022
1230007,36,1506000,INV08042022,04/04/2022
1230237,1,55000,INV09042022,04/04/2022
1230251,2,110000,INV06042022,04/04/2022
1230252,1,40000,INV07042022,04/04/2022
1230168,1,75000,INV13042022,05/04/2022
1230201,44,3320000,INV10042022,05/04/2022
1230256,2,70000,INV11042022,05/04/2022
1230257,2,90000,INV12042022,05/04/2022
1230017,5,186000,INV16042022,06/04/2022
1230259,1,35000,INV14042022,06/04/2022
1230260,2,60000,INV15042022,06/04/2022
1230211,4,310000,INV18042022,07/04/2022
1230211,30,1655000,INV19042022,07/04/2022
1230262,12,1040000,INV17042022,07/04/2022
1230007,3,133000,INV20042022,08/04/2022
1230127,2,86000,INV21042022,08/04/2022
1230007,1,40000,INV52042022,09/04/2022
1230267,1,65000,INV22042022,09/04/2022
1230267,2,55000,INV23042022,09/04/2022
1230072,2,100000,INV24042022,11/04/2022
1230083,5,190000,INV25042022,11/04/2022
1230222,2,180000,INV27042022,13/04/2022
1230271,1,70000,INV26042022,13/04/2022
1230273,1,75000,INV28042022,13/04/2022
1230274,45,2010000,INV30042022,16/04/2022
1230275,11,490000,INV31042022,16/04/2022
1230277,1,35000,INV33042022,17/04/2022
1230274,179,6107000,INV32042022,18/04/2022
1230274,2,1135000,INV34042022,18/04/2022
1230274,1,35000,INV35042022,18/04/2022
1230275,7,96000,INV36042022,18/04/2022
1230017,3,108000,INV40042022,20/04/2022
1230087,5,175000,INV39042022,20/04/2022
1230116,1,55000,INV38042022,20/04/2022
1230281,11,190000,INV37042022,20/04/2022
1230275,1,50000,INV42042022,21/04/2022
1230285,12,360000,INV41042022,21/04/2022
1230287,5,495000,INV43042022,22/04/2022
1230287,1,95000,INV44042022,22/04/2022
1230290,2,90000,INV46042022,23/04/2022
1230389,1,260000,INV45042022,23/04/2022
1230170,2,100000,INV48042022,24/04/2022
1230222,2,80000,INV49042022,24/04/2022
1230291,6,360000,INV47042022,24/04/2022
1230294,1,90000,INV50042022,24/04/2022
1230238,1,55000,INV51042022,25/04/2022
1230087,5,135000,INV53042022,26/04/2022
1230157,18,1150000,INV55042022,26/04/2022
1230298,,,INV07042022,26/04/2022
1230007,10,422000,INV58042022,27/04/2022
1230017,6,249000,INV56042022,27/04/2022
1230126,1,15000,INV62042022,27/04/2022
1230128,2,70000,INV61042022,27/04/2022
1230187,2,130000,INV57042022,27/04/2022
1230275,2,100000,INV59042022,27/04/2022
1230304,2,125000,INV60042022,27/04/2022
1230307,1,45000,INV63042022,27/04/2022
1230308,1,100000,INV64042022,27/04/2022
1230015,2,130000,INV68042022,28/04/2022
1230146,1,65000,INV67042022,28/04/2022
1230309,14,658000,INV65042022,28/04/2022
1230309,3,155000,INV66042022,28/04/2022
1230015,1,55000,INV75042022,29/04/2022
1230046,4,70000,INV70042022,29/04/2022
1230183,3,205000,INV69042022,29/04/2022
1230275,1,48000,INV76042022,29/04/2022
1230298,24,1900000,INV54042022,29/04/2022
1230315,7,647500,INV71042022,29/04/2022
1230316,1,55000,INV72042022,29/04/2022
1230317,1,65000,INV73042022,29/04/2022
1230274,4,200000,INV77042022,30/04/2022
1230382,440,22215000,INV47052022,04/05/2022
1230322,5,200000,INV01052022,07/05/2022
1230074,1,150000,INV07052022,09/05/2022
1230210,10,590000,INV04052022,09/05/2022
1230323,1,65000,INV02052022,09/05/2022
1230325,3,175000,INV05052022,09/05/2022
1230326,12,1020000,INV06052022,09/05/2022
1230309,45,2003000,INV08052022,10/05/2022
1230275,3,115000,INV09052022,12/05/2022
1230298,5,405000,INV13052022,12/05/2022
1230330,1,45000,INV10052022,12/05/2022
1230331,4,270000,INV11052022,12/05/2022
1230332,11,750000,INV12052022,12/05/2022
1230103,1,25000,INV16052022,13/05/2022
1230104,2,190000,INV15052022,13/05/2022
1230315,1,2236000,INV17052022,13/05/2022
1230334,2,115000,INV14052022,13/05/2022
1230018,38,1832000,INV21052022,14/05/2022
1230275,2,80000,INV18052022,14/05/2022
1230339,2,170000,INV19052022,14/05/2022
1230340,37,2890000,INV20052022,14/05/2022
1230342,1,35000,INV22052022,14/05/2022
1230343,4,215000,INV23052022,14/05/2022
1230377,4,320000,INV35052022,15/05/2022
1230007,1,40000,INV25052022,17/05/2022
1230309,10,511000,INV26052022,17/05/2022
1230344,1,25000,INV24052022,17/05/2022
1230347,2,130000,INV27052022,17/05/2022
1230348,5,425000,INV28052022,17/05/2022
1230349,6,290000,INV31052022,18/05/2022
1230350,73,3970000,INV32052022,19/05/2022
1230007,1,40000,INV39052022,20/05/2022
1230343,1,35000,INV34052022,20/05/2022
1230351,5,369000,INV33052022,20/05/2022
1230353,3,165000,INV36052022,21/05/2022
1230354,4,350000,INV37052022,21/05/2022
1230471,5,260000,INV67052022,23/05/2022
1230017,2,80000,INV44052022,24/05/2022
1230018,77,3669000,INV43052022,24/05/2022
1230275,2,80000,INV42052022,24/05/2022
1230353,2,120000,INV41052022,24/05/2022
1230102,2,218000,INV50052022,25/05/2022
1230360,1,80000,INV48052022,25/05/2022
1230007,4,163000,INV52052022,27/05/2022
1230080,5,120000,INV53052022,27/05/2022
1230340,2,100000,INV55052022,27/05/2022
1230362,2,70000,INV51052022,27/05/2022
1230366,1,50000,INV56052022,27/05/2022
1230367,2,160000,INV57052022,27/05/2022
1230018,1,40000,INV59052022,28/05/2022
1230368,1,105000,INV58052022,28/05/2022
1230006,8,560000,INV46052022,30/05/2022
1230275,6,251000,INV60052022,30/05/2022
1230371,5,200000,INV61052022,30/05/2022
1230378,120,603000,INV38052022,30/05/2022
1230006,4,285000,INV40052022,31/05/2022
1230018,1,35000,INV03062022,31/05/2022
1230059,6,310000,INV45052022,31/05/2022
1230220,3,129300,INV64052022,31/05/2022
1230275,1,43000,INV63052022,31/05/2022
1230372,1,35000,INV62052022,31/05/2022
1230375,1,60000,INV65052022,31/05/2022
1230376,5,369000,INV66052022,31/05/2022
1230383,35,2385000,INV49052022,31/05/2022
1230384,7,285000,INV01062022,31/05/2022
1230385,1,60000,INV02062022,31/05/2022
1230387,1,80000,INV04062022,31/05/2022
1230005,1,50000,INV09062022,02/06/2022
1230274,1,35000,INV05062022,02/06/2022
1230389,1,70000,INV06062022,02/06/2022
1230390,2,110000,INV07062022,02/06/2022
1230391,12,640000,INV08062022,02/06/2022
1230007,2,70000,INV11062022,03/06/2022
1230015,1,55000,INV13062022,03/06/2022
1230017,2,80000,INV10062022,03/06/2022
1230017,80,2905000,INV12062022,03/06/2022
1230035,1,35000,INV16062022,03/06/2022
1230065,35,2450000,INV15062022,03/06/2022
1230397,3,240000,INV14062022,03/06/2022
1230007,3,100000,INV18062022,04/06/2022
1230017,9,490000,INV21062022,04/06/2022
1230102,8,70000,INV17062022,04/06/2022
1230402,16,1240000,INV19062022,04/06/2022
1230403,16,1360000,INV20062022,04/06/2022
1230405,2,150000,INV22062022,04/06/2022
1230025,1,40000,INV24062022,07/06/2022
1230035,1,20000,INV23062022,07/06/2022
1230017,14,540000,INV30062022,08/06/2022
1230102,1,35000,INV26062022,08/06/2022
1230170,1,65000,INV25062022,08/06/2022
1230351,14,280000,INV28062022,08/06/2022
1230410,30,300000,INV27062022,08/06/2022
1230412,7,90000,INV29062022,08/06/2022
1230414,1,30000,INV31062022,08/06/2022
1230472,29,2765000,INV97062022,08/06/2022
1230007,2,70000,INV34062022,10/06/2022
1230102,2,100000,INV38062022,10/06/2022
1230415,2,60000,INV33062022,10/06/2022
1230417,1,100000,INV35062022,10/06/2022
1230418,7,451000,INV37062022,11/06/2022
1230007,4,155000,INV42062022,12/06/2022
1230015,1,8000,INV39062022,12/06/2022
1230015,2,120000,INV45062022,12/06/2022
1230050,1,35000,INV43062022,12/06/2022
1230093,20,700000,INV41062022,12/06/2022
1230424,24,1730000,INV44062022,12/06/2022
1230017,1,15000,INV48062022,14/06/2022
1230077,3,200000,INV46062022,14/06/2022
1230427,13,1075000,INV47062022,14/06/2022
1230017,7,230000,INV49062022,15/06/2022
1230077,3,80000,INV50062022,15/06/2022
1230157,2,90000,INV53062022,15/06/2022
1230389,2,80000,INV54062022,15/06/2022
1230431,2,225000,INV51062022,15/06/2022
1230432,2,65000,INV52062022,15/06/2022
1230435,2,275000,INV55062022,15/06/2022
1230007,1,35000,INV57062022,16/06/2022
1230065,2,140000,INV56062022,16/06/2022
1230126,2,160000,INV58062022,16/06/2022
1230382,1,60000,INV60062022,16/06/2022
1230102,1,65000,INV62062022,17/06/2022
1230440,64,640000,INV61062022,17/06/2022
1230473,5,300000,INV98062022,17/06/2022
1230007,1,30000,INV63062022,18/06/2022
1230443,11,520000,INV64062022,18/06/2022
1230444,20,1415000,INV65062022,18/06/2022
1230445,3,270000,INV66062022,18/06/2022
1230446,18,1380000,INV67062022,18/06/2022
1230015,1,15000,INV71062022,19/06/2022
1230424,48,3460000,INV69062022,19/06/2022
1230431,12,1215000,INV70062022,19/06/2022
1230447,1,110000,INV68062022,19/06/2022
1230220,1,90000,INV74062022,21/06/2022
1230440,2,160000,INV73062022,21/06/2022
1230451,13,910000,INV72062022,21/06/2022
1230390,2,190000,INV75062022,22/06/2022
1230007,15,555000,INV76062022,23/06/2022
1230126,5,420000,INV99062022,23/06/2022
1230456,32,2180000,INV77062022,23/06/2022
1230457,2,190000,INV79062022,23/06/2022
1230007,4,140000,INV80062022,24/06/2022
1230480,30,2665000,INV105062022,24/06/2022
1230005,1,10000,INV81062022,26/06/2022
1230007,24,905000,INV87062022,26/06/2022
1230018,24,1140000,INV84062022,26/06/2022
1230424,1,40000,INV85062022,26/06/2022
1230476,5,435000,INV101062022,27/06/2022
1230077,1,80000,INV91062022,28/06/2022
1230083,1,100000,INV88062022,28/06/2022
1230172,3,105000,INV90062022,28/06/2022
1230275,9,340000,INV89062022,28/06/2022
1230340,24,1455000,INV102062022,28/06/2022
1230475,80,5070000,INV100062022,28/06/2022
1230007,3,115000,INV92062022,29/06/2022
1230007,3,75000,INV93062022,29/06/2022
1230478,12,2100000,INV103062022,29/06/2022
1230007,3,110000,INV95062022,30/06/2022
1230222,12,1060000,INV104062022,30/06/2022
1230470,1,125000,INV96062022,30/06/2022
1230481,184,26375000,INV106062022,30/06/2022
1230017,2,80000,INV03072022,01/07/2022
1230082,1,25000,INV02072022,01/07/2022
1230194,3,210000,INV01072022,01/07/2022
1230485,7,527500,INV04072022,01/07/2022
1230017,1,43000,INV06072022,03/07/2022
1230486,1,45000,INV05072022,03/07/2022
1230017,16,723000,INV07072022,04/07/2022
1230489,20,140000,INV08072022,04/07/2022
1230391,3,205000,INV11072022,05/07/2022
1230490,2,60000,INV10072022,05/07/2022
1230076,1,150000,INV15072022,06/07/2022
1230126,20,1645000,INV16072022,06/07/2022
1230211,13,1115000,INV12072022,06/07/2022
1230225,1,150000,INV13072022,06/07/2022
1230275,6,329000,INV17072022,06/07/2022
1230494,6,405000,INV14072022,06/07/2022
1230002,12,324000,INV18072022,07/07/2022
1230046,1,80000,INV19072022,07/07/2022
1230494,6,450000,INV20072022,07/07/2022
1230050,1,66000,INV21072022,11/07/2022
1230275,22,1229000,INV22072022,12/07/2022
1230503,2,130000,INV24072022,13/07/2022
1230504,10,865000,INV25072022,13/07/2022
1230127,15,1125000,INV28072022,14/07/2022
1230128,2,70000,INV26072022,14/07/2022
1230238,1,65000,INV30072022,14/07/2022
1230343,1,55000,INV29072022,14/07/2022
1230471,1,100000,INV27072022,14/07/2022
1230025,1,55000,INV35072022,15/07/2022
1230046,1,55000,INV34072022,15/07/2022
1230204,4,80000,INV31072022,15/07/2022
1230511,2,110000,INV32072022,15/07/2022
1230512,5,100000,INV33072022,15/07/2022
1230515,4,120000,INV36072022,16/07/2022
1230146,1,65000,INV37072022,17/07/2022
1230298,2,170000,INV42072022,17/07/2022
1230343,1,65000,INV44072022,17/07/2022
1230486,1,65000,INV45072022,17/07/2022
1230511,1,65000,INV41072022,17/07/2022
1230511,1,65000,INV48072022,17/07/2022
1230517,1,65000,INV38072022,17/07/2022
1230517,1,65000,INV40072022,17/07/2022
1230518,1,65000,INV39072022,17/07/2022
1230522,1,65000,INV43072022,17/07/2022
1230522,1,65000,INV47072022,17/07/2022
1230525,1,65000,INV46072022,17/07/2022
1230046,1,70000,INV49072022,18/07/2022
1230304,2,86000,INV52072022,18/07/2022
1230362,1,40000,INV51072022,18/07/2022
1230529,15,900000,INV50072022,18/07/2022
1230017,1,35000,INV54072022,19/07/2022
1230025,1,65000,INV55072022,19/07/2022
1230238,1,65000,INV53072022,19/07/2022
1230031,1,70000,INV57072022,20/07/2022
1230102,1,43000,INV59072022,20/07/2022
1230274,2,160000,INV56072022,20/07/2022
1230470,2,110000,INV58072022,20/07/2022
1230486,2,120000,INV60072022,20/07/2022
1230540,12,360000,INV61072022,20/07/2022
1230541,51,3000000,INV62072022,20/07/2022
1230542,2,200000,INV63072022,20/07/2022
1230008,1,53000,INV65072022,21/07/2022
1230008,1,43000,INV66072022,21/07/2022
1230146,1,60000,INV64072022,21/07/2022
1230546,1,55000,INV67072022,21/07/2022
1230546,1,55000,INV68072022,21/07/2022
1230375,3,185000,INV70072022,22/07/2022
1230548,79,1885000,INV69072022,22/07/2022
1230087,1,35000,INV72072022,26/07/2022
1230102,2,86000,INV76072022,26/07/2022
1230127,4,172000,INV80072022,26/07/2022
1230153,15,808000,INV81072022,26/07/2022
1230273,1,10000,INV79072022,26/07/2022
1230275,3,142000,INV74072022,26/07/2022
1230275,4,172000,INV75072022,26/07/2022
1230486,1,65000,INV73072022,26/07/2022
1230087,1,45000,INV84072022,28/07/2022
1230190,8,630000,INV89072022,28/07/2022
1230275,6,304000,INV91072022,28/07/2022
1230558,1,95000,INV82072022,28/07/2022
1230560,3,225000,INV85072022,28/07/2022
1230561,7,635000,INV87072022,28/07/2022
1230568,2,65000,INV93072022,28/07/2022
1230569,40,2020000,INV92072022,28/07/2022
1230564,3,150000,INV94072022,29/07/2022
1230030,12,1305000,INV96072022,31/07/2022
1230414,25,573000,INV97072022,31/07/2022
1230418,50,3180000,INV97072024,31/07/2022
1230481,120,7400000,INV71072022,31/07/2022
1230570,3,240000,INV90072022,31/07/2022
1230571,4,280000,INV77072022,31/07/2022
1230573,1,70000,INV36062022,31/07/2022
1230574,9,315000,INV88072022,31/07/2022
1230575,1,95000,INV83072022,31/07/2022
1230051,33,2750000,INV09082022,01/08/2022
1230096,13,1315000,INV08082022,01/08/2022
1230115,10,750000,INV04082022,01/08/2022
1230115,4,440000,INV05082022,01/08/2022
1230115,1,3600000,INV06082022,01/08/2022
1230274,1,43000,INV03082022,01/08/2022
1230275,3,136000,INV10082022,01/08/2022
1230387,4,220000,INV01082022,01/08/2022
1230456,2,20000,INV07082022,01/08/2022
1230577,2,180000,INV02082022,01/08/2022
1230586,5,100000,INV11082022,01/08/2022
1230008,1,38000,INV18082022,03/08/2022
1230047,5,238000,INV15082022,03/08/2022
1230153,1,58000,INV19082022,03/08/2022
1230224,1,90000,INV17082022,03/08/2022
1230573,1,110000,INV14082022,03/08/2022
1230587,1,85000,INV12082022,03/08/2022
1230588,2,110000,INV13082022,03/08/2022
1230591,2,150000,INV16082022,03/08/2022
1230030,50,250000,INV21082022,04/08/2022
1230343,2,130000,INV26082022,04/08/2022
1230486,3,195000,INV23082022,04/08/2022
1230595,30,1370000,INV20082022,04/08/2022
1230597,2,130000,INV22082022,04/08/2022
1230599,100,9170000,INV24082022,04/08/2022
1230600,6,540000,INV25082022,04/08/2022
1230157,1,70000,INV27082022,05/08/2022
1230275,8,402000,INV31082022,05/08/2022
1230275,1,38000,INV32082022,05/08/2022
1230603,1,70000,INV28082022,05/08/2022
1230604,10,835000,INV30082022,05/08/2022
1230607,6,450000,INV33082022,05/08/2022
1230051,31,1940000,INV34082022,06/08/2022
1230127,7,309000,INV35082022,06/08/2022
1230190,11,470000,INV36082022,06/08/2022
1230059,4,280000,INV38082022,08/08/2022
1230170,2,50000,INV37082022,08/08/2022
1230456,1,65000,INV39082022,08/08/2022
1230614,23,345000,INV40082022,08/08/2022
1230615,1,70000,INV41082022,08/08/2022
1230052,26,130000,INV43082022,10/08/2022
1230127,1,55000,INV47082022,10/08/2022
1230275,3,119000,INV42082022,10/08/2022
1230503,1,55000,INV44082022,10/08/2022
1230511,1,40000,INV45082022,10/08/2022
1230517,1,25000,INV46082022,10/08/2022
1230275,18,942000,INV49082022,11/08/2022
1230275,25,647000,INV50082022,11/08/2022
1230275,1,71000,INV51082022,11/08/2022
1230340,12,1140000,INV48082022,11/08/2022
1230389,3,110000,INV54082022,11/08/2022
1230626,260000,1400000,INV52082022,11/08/2022
1230627,3,360000,INV53082022,11/08/2022
1230093,120,4200000,INV57082022,12/08/2022
1230435,4,165000,INV58082022,12/08/2022
1230517,1,15000,INV55082022,12/08/2022
1230569,2,100000,INV56082022,12/08/2022
1230051,1,65000,INV65082022,13/08/2022
1230168,3,205000,INV67082022,13/08/2022
1230173,3,135000,INV60082022,13/08/2022
1230517,2,50000,INV64082022,13/08/2022
1230586,9,520000,INV61082022,13/08/2022
1230635,10,425000,INV62082022,13/08/2022
1230636,10,515000,INV63082022,13/08/2022
1230639,2,120000,INV66082022,13/08/2022
1230102,5,325000,INV71082022,15/08/2022
1230115,7,490000,INV76082022,15/08/2022
1230127,5,200000,INV73082022,15/08/2022
1230275,7,408000,INV79082022,15/08/2022
1230340,11,700000,INV75082022,15/08/2022
1230362,3,130000,INV70082022,15/08/2022
1230517,2,40000,INV77082022,15/08/2022
1230522,1,55000,INV80082022,15/08/2022
1230636,26,970000,INV69082022,15/08/2022
1230641,1,65000,INV68082022,15/08/2022
1230645,1,55000,INV72082022,15/08/2022
1230647,4,340000,INV74082022,15/08/2022
1230651,28,2250000,INV78082022,15/08/2022
1230046,2,30000,INV81082022,16/08/2022
1230342,9,405000,INV86082022,16/08/2022
1230481,47,4400000,INV83082022,16/08/2022
1230641,1,40000,INV85082022,16/08/2022
1230655,47,470000,INV82082022,16/08/2022
1230007,5,243000,INV89082022,18/08/2022
1230015,1,45000,INV109082022,18/08/2022
1230035,3,132000,INV96082022,18/08/2022
1230046,2,55000,INV97082022,18/08/2022
1230073,1,60000,INV99082022,18/08/2022
1230082,4,280000,INV117082022,18/08/2022
1230127,2,92000,INV116082022,18/08/2022
1230146,1,65000,INV93082022,18/08/2022
1230153,2,94000,INV87082022,18/08/2022
1230237,2,115000,INV94082022,18/08/2022
1230238,2,108000,INV105082022,18/08/2022
1230343,1,55000,INV106082022,18/08/2022
1230366,1,53000,INV107082022,18/08/2022
1230403,2,140000,INV101082022,18/08/2022
1230522,1,50000,INV98082022,18/08/2022
1230569,5,200000,INV104082022,18/08/2022
1230641,8,330000,INV90082022,18/08/2022
1230660,4,285000,INV88082022,18/08/2022
1230663,7,600000,INV91082022,18/08/2022
1230666,4,300000,INV95082022,18/08/2022
1230671,1,65000,INV100082022,18/08/2022
1230673,1,75000,INV102082022,18/08/2022
1230673,1,45000,INV110082022,18/08/2022
1230674,1,45000,INV103082022,18/08/2022
1230681,46,3750000,INV111082022,18/08/2022
1230682,2,115000,INV112082022,18/08/2022
1230683,2,110000,INV113082022,18/08/2022
1230684,4,187000,INV114082022,18/08/2022
1230685,1,65000,INV115082022,18/08/2022
1230052,17,1250000,INV126082022,19/08/2022
1230129,3,220000,INV127082022,19/08/2022
1230153,2,106000,INV122082022,19/08/2022
1230389,2,130000,INV119082022,19/08/2022
1230683,1,65000,INV123082022,19/08/2022
1230688,3,105000,INV118082022,19/08/2022
1230690,1,65000,INV120082022,19/08/2022
1230691,1,65000,INV121082022,19/08/2022
1230694,17,1460000,INV124082022,19/08/2022
1230695,3,230000,INV125082022,19/08/2022
1230025,2,130000,INV130082022,21/08/2022
1230035,1,90000,INV128082022,21/08/2022
1230275,1,43000,INV132082022,21/08/2022
1230641,10,230000,INV133082022,21/08/2022
1230699,5,450000,INV129082022,21/08/2022
1230703,11,1070000,INV134082022,21/08/2022
1230153,6,258000,INV137082022,23/08/2022
1230153,8,394000,INV138082022,23/08/2022
1230153,1,65000,INV139082022,23/08/2022
1230704,22,3300000,INV136082022,23/08/2022
1230708,1,65000,INV140082022,23/08/2022
1230709,2,110000,INV141082022,23/08/2022
1230710,1,55000,INV142082022,23/08/2022
1230059,1,70000,INV145082022,25/08/2022
1230607,34,3260000,INV29082022,25/08/2022
1230627,3,129000,INV144082022,25/08/2022
1230699,3,270000,INV143082022,25/08/2022
1230714,2,160000,INV146082022,25/08/2022
1230715,2,115000,INV147082022,25/08/2022
1230715,2,110000,INV148082022,25/08/2022
1230728,26,3750000,INV135082022,25/08/2022
1230168,2,160000,INV149082022,26/08/2022
1230017,2,80000,INV151082022,27/08/2022
1230233,3,180000,INV152082022,27/08/2022
1230542,2,140000,INV150082022,27/08/2022
1230663,3,165000,INV153082022,27/08/2022
1230225,2,225000,INV159082022,29/08/2022
1230274,10,585000,INV158082022,29/08/2022
1230722,1,43000,INV155082022,29/08/2022
1230723,2,160000,INV156082022,29/08/2022
1230724,1,95000,INV157082022,29/08/2022
1230367,5,385000,INV160082022,31/08/2022
1230626,4,290000,INV59082022,31/08/2022
1230727,20,1520000,INV154082022,31/08/2022
1230367,20,1100000,INV01092022,01/09/2022
1230143,28,2285000,INV04092022,02/09/2022
1230378,60,3000000,INV03092022,02/09/2022
1230733,12,985000,INV02092022,02/09/2022
1230736,1,400000,INV05092022,02/09/2022
1230017,36,1905000,INV07092022,05/09/2022
1230183,4,150000,INV06092022,05/09/2022
1230102,13,388000,INV08092022,06/09/2022
1230427,1,65000,INV09092022,06/09/2022
1230127,3,149000,INV13092022,08/09/2022
1230210,1,55000,INV10092022,08/09/2022
1230742,301,19650000,INV11092022,08/09/2022
1230743,1,85000,INV12092022,08/09/2022
1230745,14,560000,INV14092022,09/09/2022
1230746,2,160000,INV16092022,09/09/2022
1230747,38,1950000,INV17092022,09/09/2022
1230748,2,110000,INV19092022,09/09/2022
1230058,1,50000,INV24092022,10/09/2022
1230065,1,55000,INV23092022,10/09/2022
1230257,1,50000,INV25092022,10/09/2022
1230749,2,140000,INV20092022,10/09/2022
1230750,2,86000,INV21092022,10/09/2022
1230751,2,130000,INV22092022,10/09/2022
1230115,5,1637500,INV28092022,12/09/2022
1230755,1,40000,INV26092022,12/09/2022
1230016,2,190000,INV23072022,13/09/2022
1230065,22,1690000,INV27092022,13/09/2022
1230603,2,205000,INV32092022,13/09/2022
1230758,1,70000,INV30092022,13/09/2022
1230760,36,1865000,INV33092022,13/09/2022
1230761,8,775000,INV34092022,13/09/2022
1231324,1,85000,INV29092022,13/09/2022
1230603,2,205000,INV36092022,14/09/2022
1230762,21,1600000,INV35092022,14/09/2022
1230190,4,340000,INV38092022,15/09/2022
1230733,9,520000,INV37092022,15/09/2022
1230127,1,43000,INV39092022,16/09/2022
1230417,2,220000,INV44092022,19/09/2022
1230710,1,50000,INV40092022,19/09/2022
1230761,1,110000,INV43092022,19/09/2022
1230768,12,1020000,INV42092022,19/09/2022
1230771,1,25000,INV45092022,19/09/2022
1230704,70,4875000,INV46092022,20/09/2022
1230210,4,330000,INV49092022,22/09/2022
1230641,1,30000,INV51092022,22/09/2022
1230743,12,960000,INV47092022,22/09/2022
1230775,1,100000,INV50092022,22/09/2022
1230018,1,95000,INV54092022,23/09/2022
1230331,6,420000,INV52092022,23/09/2022
1230639,1,100000,INV55092022,24/09/2022
1230639,1,65000,INV56092022,24/09/2022
1230059,2,135000,INV63092022,26/09/2022
1230190,9,635000,INV57092022,26/09/2022
1230340,1,80000,INV64092022,26/09/2022
1230768,30,900000,INV41092022,26/09/2022
1230782,1,95000,INV58092022,26/09/2022
1230783,1,55000,INV59092022,26/09/2022
1230784,57,3775000,INV62092022,26/09/2022
1230787,2,110000,INV65092022,26/09/2022
1230127,5,215000,INV68092022,28/09/2022
1230168,41,3225000,INV61092022,28/09/2022
1230354,23,4305000,INV15092022,28/09/2022
1230791,22,2025000,INV66092022,28/09/2022
1230799,4,140000,INV69092022,28/09/2022
1230800,70,4110000,INV53092022,28/09/2022
1230001,1,70000,INV92092022,29/09/2022
1230389,1,75000,INV72092022,29/09/2022
1230417,14,1060000,INV70092022,29/09/2022
1230639,4,310000,INV71092022,29/09/2022
1230274,1,43000,INV73092022,30/09/2022
1230790,2,120000,INV74092022,30/09/2022
1230802,20,2000000,INV01102022,01/10/2022
1230803,12,1000000,INV02102022,03/10/2022
1230804,1,55000,INV03102022,03/10/2022
1230170,3,165000,INV04102022,04/10/2022
1230194,4,320000,INV05102022,04/10/2022
1230804,1,55000,INV06102022,05/10/2022
1230017,8,380000,INV09102022,06/10/2022
1230102,3,125600,INV10102022,06/10/2022
1230119,19,1280000,INV08102022,06/10/2022
1230194,1,75000,INV07102022,06/10/2022
1230094,2,150000,INV17102022,07/10/2022
1230362,36,2440000,INV15102022,07/10/2022
1230639,1,60000,INV14102022,07/10/2022
1230761,2,180000,INV18102022,07/10/2022
1230812,5,325000,INV11102022,07/10/2022
1230813,49,3185000,INV12102022,07/10/2022
1231527,2,120000,INV13102022,07/10/2022
1230088,90,12200000,INV18092022,10/10/2022
1230819,16,2400000,INV20102022,10/10/2022
1230017,26,1225000,INV23102022,11/10/2022
1230056,1,45000,INV24102022,11/10/2022
1230211,4,350000,INV21102022,11/10/2022
1230262,40,3615000,INV25102022,11/10/2022
1230821,31,2230000,INV22102022,11/10/2022
1230821,2,155000,INV26102022,11/10/2022
1230031,1,55000,INV27102022,12/10/2022
1230225,15,1165000,INV29102022,12/10/2022
1230481,3,210000,INV28102022,12/10/2022
1230146,1,55000,INV35102022,13/10/2022
1230417,1,35000,INV33102022,13/10/2022
1230829,2,60000,INV30102022,13/10/2022
1230830,2,160000,INV31102022,13/10/2022
1230831,2,150000,INV32102022,13/10/2022
1230833,4,360000,INV34102022,13/10/2022
1230073,1,40000,INV36102022,14/10/2022
1230005,1,56000,INV37102022,16/10/2022
1230233,2,92000,INV39102022,16/10/2022
1230362,1,40000,INV42102022,16/10/2022
1230503,1,65000,INV40102022,16/10/2022
1230755,9,540000,INV38102022,16/10/2022
1230840,8,650000,INV41102022,16/10/2022
1230787,10,970000,INV43102022,17/10/2022
1230843,2,86000,INV44102022,17/10/2022
1230481,153,25930000,INV45102022,18/10/2022
1230645,1,60000,INV51102022,18/10/2022
1230673,2,120000,INV49102022,18/10/2022
1230673,1,60000,INV50102022,18/10/2022
1230844,2,185000,INV46102022,18/10/2022
1230845,2,120000,INV48102022,18/10/2022
1230879,23,2110000,INV47102022,18/10/2022
1230119,7,200000,INV53102022,19/10/2022
1230673,3,160000,INV54102022,19/10/2022
1230790,2,150000,INV55102022,19/10/2022
1230849,5,455000,INV52102022,19/10/2022
1230220,2,170000,INV58102022,20/10/2022
1230745,1,35000,INV57102022,20/10/2022
1230852,1,75000,INV56102022,20/10/2022
1230007,2,80000,INV61102022,22/10/2022
1230673,2,120000,INV59102022,22/10/2022
1230783,1,55000,INV62102022,22/10/2022
1230849,1,65000,INV63102022,22/10/2022
1230856,3,195000,INV60102022,22/10/2022
1230860,19,1345000,INV64102022,24/10/2022
1230275,1,35000,INV68102022,25/10/2022
1230831,1,50000,INV66102022,25/10/2022
1230861,4,145000,INV65102022,25/10/2022
1230222,20,1520000,INV70102022,26/10/2022
1230831,3,140000,INV72102022,26/10/2022
1230865,2,110000,INV71102022,26/10/2022
1230035,2,91000,INV74102022,27/10/2022
1230222,3,240000,INV75102022,27/10/2022
1230326,3,210000,INV76102022,27/10/2022
1230751,6,520000,INV73102022,27/10/2022
1230382,1,55000,INV77102022,29/10/2022
1230872,1,40000,INV78102022,29/10/2022
1230146,1,55000,INV80102022,31/10/2022
1230597,3,165000,INV79102022,31/10/2022
1230222,2,95000,INV81102022,01/11/2022
1230515,3,300000,INV01112022,01/11/2022
1230881,2,100000,INV02112022,01/11/2022
1230882,5,395000,INV03112022,01/11/2022
1230883,24,2280000,INV04112022,01/11/2022
1230884,8,605000,INV05112022,02/11/2022
1230885,1,55000,INV06112022,02/11/2022
1230886,1,55000,INV07112022,02/11/2022
1230887,1,75000,INV08112022,02/11/2022
1230888,1,50000,INV09112022,02/11/2022
1230888,3,110000,INV10112022,02/11/2022
1230890,1,90000,INV11112022,03/11/2022
1230005,5,265000,INV15112022,05/11/2022
1230017,11,422000,INV13112022,05/11/2022
1230052,27,2452500,INV12112022,05/11/2022
1230893,10,785000,INV14112022,05/11/2022
1230895,1,25000,INV16112022,05/11/2022
1230340,65,4512000,INV19112022,07/11/2022
1230636,66,3505000,INV20112022,07/11/2022
1230775,1,60000,INV17112022,07/11/2022
1230897,4,65000,INV18112022,07/11/2022
1230899,1,65000,INV21112022,07/11/2022
1230222,200,1000000,INV24112022,10/11/2022
1230275,1,38000,INV23112022,10/11/2022
1230614,30,440000,INV25112022,10/11/2022
1230762,1,53000,INV22112022,10/11/2022
1230893,2,110000,INV26112022,10/11/2022
1230115,37,2160000,INV27112022,11/11/2022
1230639,13,1116000,INV28112022,11/11/2022
1230751,5,320000,INV29112022,11/11/2022
1230783,1,55000,INV30112022,11/11/2022
1230909,12,910000,INV32112022,13/11/2022
1230909,1,65000,INV33112022,13/11/2022
1230190,43,2335000,INV35112022,15/11/2022
1230274,66,2523000,INV36112022,17/11/2022
1230913,1,30000,INV37112022,18/11/2022
1230274,1,43000,INV41112022,19/11/2022
1230389,2,150000,INV39112022,19/11/2022
1230704,32,2170000,INV38112022,19/11/2022
1230916,2,120000,INV40112022,19/11/2022
1230017,90,7821000,INV45112022,21/11/2022
1230190,6,315000,INV43112022,21/11/2022
1230233,2,97000,INV44112022,21/11/2022
1230751,2,135000,INV46112022,21/11/2022
1230918,2,70000,INV42112022,21/11/2022
1230923,68,6055000,INV47112022,21/11/2022
1230021,2,1075000,INV48112022,24/11/2022
1230190,5,280000,INV49112022,24/11/2022
1230926,1,40000,INV50112022,24/11/2022
1230927,27,2325000,INV51112022,24/11/2022
1230928,3,150000,INV52112022,25/11/2022
1230017,9,387000,INV53112022,28/11/2022
1230930,1,95000,INV54112022,28/11/2022
1230931,3,87000,INV56112022,28/11/2022
1230017,7,274000,INV59112022,29/11/2022
1230047,1,38000,INV58112022,29/11/2022
1230681,80,6560000,INV57112022,29/11/2022
1230387,2,150000,INV02122022,01/12/2022
1230936,2,110000,INV01122022,01/12/2022
1230257,2,110000,INV05122022,02/12/2022
1230884,4,300000,INV04122022,02/12/2022
1230938,1,55000,INV03122022,02/12/2022
1230941,3,240000,INV06122022,03/12/2022
1230326,24,1920000,INV07122022,07/12/2022
1230047,36,1622000,INV10122022,08/12/2022
1230094,2,150000,INV12122022,08/12/2022
1230390,3,240000,INV13122022,08/12/2022
1230647,97,3395000,INV08122022,08/12/2022
1230931,8,400000,INV11122022,08/12/2022
1230944,2,140000,INV09122022,08/12/2022
1230072,3,285000,INV14122022,12/12/2022
1230115,98,18305000,INV55112022,12/12/2022
1230950,1,80000,INV15122022,12/12/2022
1230951,1,50000,INV16122022,12/12/2022
1230952,42,7620000,INV17122022,12/12/2022
1230954,2,70000,INV20122022,12/12/2022
1230751,1,85000,INV21122022,13/12/2022
1230010,2,75000,INV25122022,14/12/2022
1230704,37,2600000,INV23122022,14/12/2022
1230890,3,225000,INV22122022,14/12/2022
1230950,5,400000,INV26122022,14/12/2022
1230210,3,165000,INV29122022,15/12/2022
1230931,3,150000,INV30122022,15/12/2022
1230960,1,75000,INV28122022,15/12/2022
1230233,12,840000,INV31122022,18/12/2022
1230274,2,170000,INV34122022,18/12/2022
1230790,2,120000,INV32122022,18/12/2022
1230802,3,90000,INV35122022,18/12/2022
1230965,1,95000,INV33122022,18/12/2022
1230968,11,650000,INV36122022,18/12/2022
1230950,2,165000,INV37122022,19/12/2022
1230950,1,85000,INV38122022,19/12/2022
1230971,2,110000,INV39122022,19/12/2022
1230005,25,3660000,INV70122022,20/12/2022
1230326,12,1020000,INV40122022,21/12/2022
1230973,4,390000,INV41122022,21/12/2022
1230615,4,220000,INV43122022,22/12/2022
1230974,25,1370000,INV42122022,22/12/2022
1230343,2,120000,INV45122022,26/12/2022
1230486,3,165000,INV46122022,26/12/2022
1230787,30,2635000,INV47122022,26/12/2022
1230973,5,400000,INV48122022,26/12/2022
1230980,1,60000,INV49122022,26/12/2022
1230981,1,90000,INV50122022,27/12/2022
1230077,6,340000,INV51122022,28/12/2022
1230003,49,4445000,INV92122022,29/12/2022
1230006,7,590000,INV101122022,29/12/2022
1230340,4,260000,INV53122022,29/12/2022
1230983,4,220000,INV52122022,29/12/2022
1230171,6,120000,INV56122022,30/12/2022
1230004,12,1200000,INV57122022,01/01/2023
1230007,2,96000,INV01012023,01/01/2023
1230008,2,80000,INV02012023,01/01/2023
1230008,3,123000,INV05012023,03/01/2023
1230009,1,110000,INV03012023,03/01/2023
1230010,7,175000,INV04012023,03/01/2023
1230007,28,1114000,INV06012023,04/01/2023
1230008,2,83000,INV08012023,05/01/2023
1230015,2,115000,INV09012023,05/01/2023
1230016,1,90000,INV10012023,05/01/2023
1230017,8,326000,INV11012023,05/01/2023
1230018,8,289000,INV12012023,05/01/2023
1230008,6,256000,INV15012023,06/01/2023
1230019,19,1295000,INV14012023,06/01/2023
1230021,2,90000,INV16012023,06/01/2023
1230022,3,126000,INV17012023,06/01/2023
1230023,30,1169000,INV18012023,06/01/2023
1230024,31,556500,INV19012023,06/01/2023
1230025,1,55000,INV20012023,06/01/2023
1230007,2,80000,INV24012023,07/01/2023
1230008,2,80000,INV07012023,07/01/2023
1230010,1,95000,INV23012023,07/01/2023
1230026,2,150000,INV21012023,07/01/2023
1230027,1,95000,INV22012023,07/01/2023
1230030,70,6650000,INV25012023,07/01/2023
1230031,1,45000,INV26012023,08/01/2023
1230032,13,1140000,INV27012023,08/01/2023
1230007,7,284000,INV28012023,09/01/2023
1230005,18,965000,INV31012023,10/01/2023
1230034,16,1320000,INV29012023,10/01/2023
1230035,2,50000,INV30012023,10/01/2023
1230037,1,55000,INV32012023,11/01/2023
1230647,18,3090000,INV102012023,11/01/2023
1230007,12,54000,INV34012023,12/01/2023
1230007,1,40000,INV35012023,12/01/2023
1231077,2,160000,INV96012023,12/01/2023
1230007,1,43000,INV37012023,13/01/2023
1230040,12,920000,INV36012023,13/01/2023
1230042,168,1680000,INV38012023,13/01/2023
1230043,5,330000,INV39012023,13/01/2023
1230008,3,131000,INV40012023,14/01/2023
1230007,9,366000,INV41012023,15/01/2023
1230046,1,55000,INV42012023,15/01/2023
1230047,4,190000,INV43012023,15/01/2023
1230047,100,4826000,INV44012023,15/01/2023
1230049,12,1140000,INV45012023,17/01/2023
1230050,4,172000,INV48012023,17/01/2023
1230051,20,1645000,INV49012023,17/01/2023
1230052,8,240000,INV50012023,17/01/2023
1230007,3,120000,INV52012023,18/01/2023
1230053,1,55000,INV51012023,18/01/2023
1230055,2,135000,INV53012023,19/01/2023
1230056,1,45000,INV54012023,19/01/2023
1231079,28,2340000,INV98012023,19/01/2023
1230008,1,40000,INV55012023,20/01/2023
1230008,2,83000,INV58012023,21/01/2023
1230058,1,60000,INV56012023,21/01/2023
1230059,10,600000,INV57012023,21/01/2023
1230007,2,100000,INV60012023,22/01/2023
1230047,3,136000,INV62012023,22/01/2023
1230058,1,40000,INV66012023,22/01/2023
1230061,13,1065000,INV59012023,22/01/2023
1230063,5,360000,INV61012023,22/01/2023
1230065,12,240000,INV63012023,22/01/2023
1230066,2,175000,INV64012023,22/01/2023
1230094,30,2550000,INV100012023,25/01/2023
1230007,1,40000,INV68012023,26/01/2023
1230007,15,622000,INV72012023,26/01/2023
1230069,1,40000,INV70012023,26/01/2023
1230070,14,105000,INV71012023,26/01/2023
1230072,5,275000,INV73012023,26/01/2023
1230073,1,45000,INV75012023,27/01/2023
1230074,1,150000,INV76012023,27/01/2023
1230075,39,555000,INV77012023,27/01/2023
1230005,1,75000,INV81012023,28/01/2023
1230007,1,43000,INV82012023,28/01/2023
1230015,1,20000,INV85012023,28/01/2023
1230076,1,55000,INV79012023,28/01/2023
1230077,1,65000,INV80012023,28/01/2023
1230080,42,1265000,INV84012023,28/01/2023
1230082,1,50000,INV86012023,29/01/2023
1230083,1,100000,INV87012023,29/01/2023
1230084,4,360000,INV88012023,29/01/2023
1230077,7,635000,INV94012023,30/01/2023
1230085,2,150000,INV89012023,30/01/2023
1231074,34,3165000,INV93012023,30/01/2023
1230005,1,48000,INV90012023,31/01/2023
1230087,2,50000,INV91012023,31/01/2023
1230390,5,390000,INV99012023,31/01/2023
1230802,17,1405000,INV97012023,31/01/2023
1230950,2,160000,INV95012023,31/01/2023
1231073,4,305000,INV92012023,31/01/2023
1231082,15,2745000,INV101012023,31/01/2023
1230087,1,50000,INV04022023,03/02/2023
1230173,24,4100000,INV08022023,03/02/2023
1230382,1,30000,INV10022023,03/02/2023
1231073,8,545000,INV07022023,03/02/2023
1231085,1,60000,INV05022023,03/02/2023
1231086,29,2305000,INV06022023,03/02/2023
1231089,1,75000,INV09022023,03/02/2023
1230143,42,8385000,INV06032023,04/02/2023
1230005,4,264000,INV11022023,05/02/2023
1230486,2,130000,INV13022023,05/02/2023
1230274,14,483000,INV16022023,06/02/2023
1230681,4,335000,INV15022023,06/02/2023
1230950,2,165000,INV17022023,06/02/2023
1231079,2,160000,INV14022023,06/02/2023
1231097,20,1800000,INV18022023,07/02/2023
1230443,1,40000,INV24022023,08/02/2023
1231097,21,1890000,INV22022023,08/02/2023
1231098,33,2645000,INV20022023,08/02/2023
1231099,4,330000,INV23022023,08/02/2023
1230016,4,220000,INV25022023,10/02/2023
1230390,1,45000,INV27022023,10/02/2023
1230745,1,35000,INV28022023,10/02/2023
1231102,1,90000,INV26022023,10/02/2023
1231105,5,300000,INV29022023,10/02/2023
1230058,1,35000,INV31022023,11/02/2023
1230888,16,960000,INV32022023,11/02/2023
1230088,270,16015000,INV35022023,12/02/2023
1230888,3,165000,INV36022023,14/02/2023
1230950,2,160000,INV40022023,14/02/2023
1231085,4,192000,INV39022023,14/02/2023
1231109,3,245000,INV37022023,14/02/2023
1231110,1,75000,INV38022023,14/02/2023
1230016,2,195000,INV45022023,15/02/2023
1230615,1,120000,INV43022023,15/02/2023
1230627,1,75000,INV42022023,15/02/2023
1231113,3,235000,INV41022023,15/02/2023
1231116,5,275000,INV44022023,15/02/2023
1231117,24,1840000,INV46022023,15/02/2023
1231117,24,1840000,INV82022023,16/02/2023
1231118,1,35000,INV47022023,16/02/2023
1231119,8,675000,INV48022023,16/02/2023
1230768,2,35000,INV50022023,17/02/2023
1231082,1,195000,INV52022023,18/02/2023
1231109,5,275000,INV56022023,20/02/2023
1231122,23,1895000,INV53022023,20/02/2023
1231123,4,310000,INV55022023,20/02/2023
1230035,15,1180000,INV58022023,22/02/2023
1230035,15,1180000,INV81022023,22/02/2023
1230790,2,135000,INV59022023,22/02/2023
1231126,2,130000,INV61022023,22/02/2023
1230371,2,160000,INV64022023,23/02/2023
1230615,4,205000,INV63022023,23/02/2023
1231129,3,135000,INV66022023,23/02/2023
1230018,2,180000,INV68022023,24/02/2023
1230065,30,1460000,INV69022023,24/02/2023
1230065,4,180000,INV70022023,24/02/2023
1230382,6,300000,INV75022023,24/02/2023
1230382,6,300000,INV80022023,24/02/2023
1230542,1,35000,INV73022023,24/02/2023
1231113,1,75000,INV67022023,24/02/2023
1231134,15,525000,INV71022023,24/02/2023
1231135,30,3000000,INV72022023,24/02/2023
1231135,32,3100000,INV79022023,24/02/2023
1231137,1,80000,INV74022023,24/02/2023
1231139,1,75000,INV76022023,24/02/2023
1230204,4,100000,INV77022023,28/02/2023
1231146,12,420000,INV78022023,28/02/2023
1230131,21,1605000,INV02032023,01/03/2023
1231126,1,65000,INV03032023,01/03/2023
1231150,2,140000,INV01032023,01/03/2023
1231153,25,1900000,INV04032023,01/03/2023
1231154,39,2505000,INV05032023,03/03/2023
1231155,17,1295000,INV07032023,04/03/2023
1230451,1,55000,INV11032023,06/03/2023
1231086,1,75000,INV10032023,06/03/2023
1231156,1,75000,INV08032023,06/03/2023
1231157,34,2835000,INV09032023,06/03/2023
1230887,2,180000,INV12032023,07/03/2023
1231161,2,190000,INV14032023,08/03/2023
1231202,318,20930000,INV13032023,08/03/2023
1230103,1,55000,INV15032023,10/03/2023
1230615,1,70000,INV16032023,10/03/2023
1230290,8,360000,INV20032023,11/03/2023
1230615,2,130000,INV17032023,11/03/2023
1231105,5,300000,INV18032023,11/03/2023
1231166,24,1680000,INV19032023,11/03/2023
1230088,5,315000,INV21032023,13/03/2023
1230129,1,70000,INV22032023,13/03/2023
1231155,1,45000,INV25032023,13/03/2023
1231170,1,55000,INV24032023,13/03/2023
1231203,50,3735000,INV23032023,13/03/2023
1230127,5,225000,INV31032023,15/03/2023
1230704,8,560000,INV30032023,15/03/2023
1231172,12,1800000,INV26032023,15/03/2023
1231173,1,55000,INV27032023,15/03/2023
1231174,66,5230000,INV28032023,15/03/2023
1231177,30,2360000,INV32032023,15/03/2023
1231204,18,2720000,INV29032023,15/03/2023
1230077,1,30000,INV34032023,16/03/2023
1230456,1,30000,INV33032023,16/03/2023
1231180,15,1050000,INV35032023,16/03/2023
1230127,5,225000,INV42032023,17/03/2023
1230129,2,180000,INV40032023,17/03/2023
1230174,3,195000,INV37032023,17/03/2023
1230326,2,110000,INV41032023,17/03/2023
1231185,2,100000,INV43032023,17/03/2023
1231186,1,85000,INV44032023,17/03/2023
1230639,2,120000,INV50032023,24/03/2023
1231105,5,300000,INV46032023,24/03/2023
1231105,5,300000,INV47032023,24/03/2023
1231134,16,566000,INV48032023,24/03/2023
1231189,42,3275000,INV49032023,24/03/2023
1231197,33,780000,INV45032023,24/03/2023
1231207,78,4380000,INV51032023,24/03/2023
1230002,3,255000,INV53032023,27/03/2023
1230083,10,432000,INV60032023,27/03/2023
1230204,4,100000,INV58032023,27/03/2023
1230387,18,1740000,INV57032023,27/03/2023
1230603,12,780000,INV59032023,27/03/2023
1230615,2,110000,INV54032023,27/03/2023
1230861,4,300000,INV61032023,27/03/2023
1231191,150,900000,INV52032023,27/03/2023
1231194,1,85000,INV55032023,27/03/2023
1230131,12,970000,INV66032023,30/03/2023
1230351,13,650000,INV72032023,30/03/2023
1230641,1,55000,INV70032023,30/03/2023
1231196,1,75000,INV63032023,30/03/2023
1231197,2,82000,INV64032023,30/03/2023
1231212,14,1050000,INV62032023,30/03/2023
1231213,5,385000,INV65032023,30/03/2023
1231215,105,5290000,INV68032023,30/03/2023
1231317,2,170000,INV69032023,30/03/2023
1230615,1,175000,INV72032023,31/03/2023
1230087,3,90000,INV03042023,01/04/2023
1231217,15,1155000,INV01042023,01/04/2023
1231218,12,256000,INV02042023,01/04/2023
1230056,2,100000,INV04042023,04/04/2023
1230930,3,135000,INV08042023,04/04/2023
1231079,40,3325000,INV07042023,04/04/2023
1231221,7,630000,INV05042023,04/04/2023
1230127,1,45000,INV09042023,06/04/2023
1230250,4,135000,INV10042023,10/04/2023
1230362,1,35000,INV14042023,10/04/2023
1231226,3,255000,INV11042023,10/04/2023
1231227,11,890000,INV12042023,10/04/2023
1231228,1,75000,INV13042023,10/04/2023
1230274,34,1180000,INV16042023,11/04/2023
1230931,4,280000,INV17042023,11/04/2023
1231207,120,6720000,INV18042023,11/04/2023
1231230,69,3240000,INV15042023,11/04/2023
1230087,3,85000,INV20042023,12/04/2023
1230102,5,150000,INV22042023,12/04/2023
1231234,13,1305000,INV19042023,12/04/2023
1231236,1,45000,INV21042023,12/04/2023
1230560,3,240000,INV24042023,13/04/2023
1231234,12,960000,INV23042023,13/04/2023
1231240,5,125000,INV25042023,13/04/2023
1231241,26,1955000,INV26042023,13/04/2023
1231267,100,5500000,INV27042023,13/04/2023
1230257,5,200000,INV31042023,14/04/2023
1230456,1,65000,INV28042023,14/04/2023
1230456,1,60000,INV32042023,14/04/2023
1230930,3,165000,INV30042023,14/04/2023
1230821,7,435000,INV41042023,16/04/2023
1231246,2,100000,INV33042023,16/04/2023
1231251,2,50000,INV40042023,16/04/2023
1230035,3,165000,INV36042023,17/04/2023
1230083,1,100000,INV34042023,17/04/2023
1231247,1,65000,INV35042023,17/04/2023
1231249,20,455000,INV37042023,17/04/2023
1231250,3,165000,INV38042023,17/04/2023
1231269,26,2000000,INV39042023,17/04/2023
1230083,1,65000,INV42042023,18/04/2023
1231236,2,115000,INV44042023,18/04/2023
1231254,2,110000,INV43042023,18/04/2023
1230058,3,110000,INV45042023,27/04/2023
1230131,2,120000,INV49042023,27/04/2023
1230250,2,300000,INV48042023,27/04/2023
1230412,4,260000,INV50042023,27/04/2023
1230641,13,1165000,INV46042023,27/04/2023
1231105,5,300000,INV51042023,27/04/2023
1231258,3,165000,INV47042023,27/04/2023
1230895,2,70000,INV52042023,28/04/2023
1230087,2,40000,INV56042023,30/04/2023
1230088,2,100000,INV55042023,30/04/2023
1230615,3,165000,INV54042023,30/04/2023
1231207,254,14640000,INV01052023,01/05/2023
1230710,3,240000,INV02052023,03/05/2023
1231272,48,3610000,INV03052023,03/05/2023
1231272,26,1965000,INV04052023,03/05/2023
1230627,1,100000,INV06052023,04/05/2023
1231274,87,5370000,INV05052023,04/05/2023
1230390,2,165000,INV15052023,05/05/2023
1230645,3,195000,INV08052023,05/05/2023
1231202,318,21840000,INV09052023,05/05/2023
1231258,1,55000,INV12052023,05/05/2023
1231274,84,5005000,INV10052023,05/05/2023
1231276,3,255000,INV07052023,05/05/2023
1231280,1,65000,INV11052023,05/05/2023
1231282,24,1690000,INV13052023,05/05/2023
1231282,11,885000,INV14052023,05/05/2023
1230382,1,50000,INV16052023,08/05/2023
1231174,12,120000,INV18052023,08/05/2023
1231286,1,85000,INV17052023,08/05/2023
1230088,3,113000,INV25052023,09/05/2023
1230115,4,1005000,INV19052023,09/05/2023
1230126,28,2080000,INV24052023,09/05/2023
1230225,2,170000,INV22052023,09/05/2023
1230389,21,315000,INV23052023,09/05/2023
1231289,1,37500,INV20052023,09/05/2023
1231290,1,65000,INV21052023,09/05/2023
1230052,2,300000,INV27052023,11/05/2023
1230127,2,100000,INV33052023,11/05/2023
1230360,202,2250000,INV28052023,11/05/2023
1230604,17,1485000,INV29052023,11/05/2023
1231155,1,50000,INV30052023,11/05/2023
1231174,100,8865000,INV31052023,11/05/2023
1231174,1,250000,INV34052023,11/05/2023
1231196,1,75000,INV32052023,11/05/2023
1231207,18,900000,INV35052023,11/05/2023
1231294,34,2400000,INV26052023,11/05/2023
1230362,35,2170000,INV39052023,14/05/2023
1230362,5,100000,INV40052023,14/05/2023
1231079,29,2350000,INV36052023,14/05/2023
1231274,30,2560000,INV37052023,14/05/2023
1231305,2,110000,INV38052023,14/05/2023
1231308,2,170000,INV41052023,15/05/2023
1231309,1,60000,INV42052023,15/05/2023
1231310,1,65000,INV44052023,16/05/2023
1231311,1,30000,INV45052023,19/05/2023
1230149,1,35000,INV47052023,20/05/2023
1231312,3,235000,INV46052023,20/05/2023
1230102,3,87000,INV49052023,22/05/2023
1231314,3,185000,INV48052023,22/05/2023
1231316,4,140000,INV50052023,22/05/2023
1231317,2,170000,INV51052023,22/05/2023
1231153,9,685000,INV52052023,23/05/2023
1230681,105,6160000,INV53052023,24/05/2023
1231414,400,60060000,INV54062023,24/05/2023
1230053,1,70000,INV56052023,25/05/2023
1231274,27,1635000,INV57052023,25/05/2023
1231274,26,1570000,INV58052023,25/05/2023
1231274,25,1505000,INV59052023,25/05/2023
1231274,28,1710000,INV60052023,25/05/2023
1231274,29,1750000,INV61052023,25/05/2023
1231274,20,1220000,INV62052023,25/05/2023
1231319,13,260000,INV55052023,25/05/2023
1231321,2,70000,INV63052023,25/05/2023
1230250,1,50000,INV64052023,27/05/2023
1231323,87,5235000,INV65052023,27/05/2023
1231324,3,195000,INV66052023,27/05/2023
1230065,28,2325000,INV70052023,29/05/2023
1230126,2,140000,INV68052023,29/05/2023
1231274,1,85000,INV69052023,29/05/2023
1231319,14,280000,INV67052023,29/05/2023
1231327,4,230000,INV72052023,29/05/2023
1230641,1,60000,INV76052023,30/05/2023
1230938,7,355000,INV73052023,30/05/2023
1231327,1,65000,INV74052023,30/05/2023
1230274,8,396000,INV82052023,31/05/2023
1231324,1,25000,INV79052023,31/05/2023
1231331,1,60000,INV78052023,31/05/2023
1231331,33,2695000,INV77052023,31/05/2023
1231333,20,500000,INV81052023,31/05/2023
1231347,32,2425000,INV75052023,31/05/2023
1231348,30,1850000,INV01062023,05/06/2023
1230674,19,1595000,INV03062023,06/06/2023
1231215,2,60000,INV02062023,06/06/2023
1230050,1,50000,INV11062023,07/06/2023
1230274,1,55000,INV06062023,07/06/2023
1230931,5,275000,INV04062023,07/06/2023
1231197,21,1060000,INV08062023,07/06/2023
1231197,27,1270000,INV09062023,07/06/2023
1231197,33,1980000,INV10062023,07/06/2023
1231319,12,600000,INV05062023,07/06/2023
1231354,3,330000,INV07062023,07/06/2023
1230050,7,370000,INV13062023,08/06/2023
1230055,7,395000,INV15062023,08/06/2023
1231359,2,120000,INV12062023,08/06/2023
1231361,33,2390000,INV14062023,08/06/2023
1231363,23,1595000,INV16062023,08/06/2023
1230222,36,2800000,INV19062023,09/06/2023
1230560,3,210000,INV17062023,09/06/2023
1231129,1,50000,INV23062023,09/06/2023
1231226,1,80000,INV18062023,09/06/2023
1231367,4,340000,INV20062023,09/06/2023
1231368,2,170000,INV21062023,09/06/2023
1231369,2,190000,INV22062023,09/06/2023
1231371,26,1945000,INV24062023,09/06/2023
1230733,20,1820000,INV31062023,12/06/2023
1231174,1,100000,INV32062023,12/06/2023
1231274,6,388000,INV30062023,12/06/2023
1231294,1,85000,INV25062023,12/06/2023
1231317,35,2860000,INV27062023,12/06/2023
1231317,13,970000,INV28062023,12/06/2023
1231373,40,2975000,INV26062023,12/06/2023
1231376,1,75000,INV29062023,12/06/2023
1230077,1,65000,INV34062023,13/06/2023
1230733,17,2570000,INV36062023,13/06/2023
1231305,1,60000,INV33062023,13/06/2023
1231382,17,1545000,INV35062023,13/06/2023
1230055,6,360000,INV38062023,14/06/2023
1231348,20,1200000,INV39062023,14/06/2023
1231383,21,1745000,INV37062023,14/06/2023
1230055,4,245000,INV41062023,15/06/2023
1230119,2,95000,INV44062023,15/06/2023
1230647,173,6920000,INV42062023,15/06/2023
1230733,2,190000,INV40062023,15/06/2023
1231388,5,305000,INV43062023,15/06/2023
1230389,1,140000,INV45062023,19/06/2023
1230481,357,7140000,INV46062023,19/06/2023
1231392,48,3050000,INV47062023,19/06/2023
1230110,1,65000,INV50062023,20/06/2023
1230126,14,1050000,INV52062023,20/06/2023
1231371,1,65000,INV51062023,20/06/2023
1230052,1,60000,INV57062023,21/06/2023
1230250,1,75000,INV53062023,21/06/2023
1230899,1,65000,INV54062023,21/06/2023
1231398,3,110000,INV55062023,21/06/2023
1230077,7,670000,INV62062023,23/06/2023
1230222,10,800000,INV58062023,23/06/2023
1230577,7,680000,INV59062023,23/06/2023
1231129,1,35000,INV61062023,23/06/2023
1231202,324,22640000,INV60062023,23/06/2023
1231404,2,150000,INV63062023,23/06/2023
1230222,3,225000,INV69062023,28/06/2023
1230222,50,500000,INV72062023,28/06/2023
1230604,1,455000,INV75062023,28/06/2023
1230733,6,575000,INV65062023,28/06/2023
1231317,4,260000,INV67062023,28/06/2023
1231407,1,65000,INV68062023,28/06/2023
1231411,12,960000,INV66062023,28/06/2023
1231415,22,1920000,INV01072023,01/07/2023
1230274,1,60000,INV02072023,02/07/2023
1231258,1,55000,INV03072023,03/07/2023
1231418,9,720000,INV04072023,03/07/2023
1230274,5,220000,INV09072023,04/07/2023
1230913,10,170000,INV08072023,04/07/2023
1231319,20,300000,INV05072023,04/07/2023
1231420,68,408000,INV06072023,04/07/2023
1231420,13,331000,INV07072023,04/07/2023
1230110,1,65000,INV12072023,06/07/2023
1230298,6,373000,INV11072023,06/07/2023
1231424,1,30000,INV10072023,06/07/2023
1231427,5,275000,INV13072023,06/07/2023
1231429,2,170000,INV15072023,08/07/2023
1231119,4,365000,INV17072023,09/07/2023
1231431,12,630000,INV18072023,09/07/2023
1230053,1,60000,INV20072023,10/07/2023
1230845,1,65000,INV21072023,10/07/2023
1230274,14,773000,INV14072023,11/07/2023
1230560,2,140000,INV27072023,11/07/2023
1230627,1,150000,INV23072023,11/07/2023
1231085,1,50000,INV24072023,11/07/2023
1231319,24,360000,INV22072023,11/07/2023
1231418,2,170000,INV26072023,11/07/2023
1231437,2,150000,INV25072023,11/07/2023
1230200,1,80000,INV30072023,14/07/2023
1230298,1,112500,INV34072023,14/07/2023
1230366,2,60000,INV37072023,14/07/2023
1230577,1,105000,INV31072023,14/07/2023
1230651,70,5610000,INV36072023,14/07/2023
1230682,1,30000,INV32072023,14/07/2023
1230844,5,425000,INV33072023,14/07/2023
1231258,1,50000,INV29072023,14/07/2023
1231446,1,75000,INV35072023,14/07/2023
1231449,4,85000,INV38072023,14/07/2023
1230050,5,270000,INV39072023,17/07/2023
1230417,1,60000,INV41072023,17/07/2023
1230542,1,60000,INV40072023,17/07/2023
1230639,1,85000,INV44072023,17/07/2023
1231177,3,255000,INV46072023,17/07/2023
1231453,1,60000,INV42072023,17/07/2023
1231453,1,65000,INV47072023,17/07/2023
1231454,32,2240000,INV43072023,17/07/2023
1231456,15,1360000,INV45072023,17/07/2023
1230372,1,25000,INV48072023,18/07/2023
1230971,1,50000,INV50072023,18/07/2023
1231129,6,120000,INV49072023,18/07/2023
1231274,21,630000,INV56072023,20/07/2023
1231274,27,810000,INV57072023,20/07/2023
1230006,30,2800000,INV54072023,21/07/2023
1230006,15,1386000,INV55072023,21/07/2023
1230050,1,45000,INV52072023,21/07/2023
1230051,12,1085000,INV51072023,21/07/2023
1230577,1,100000,INV70072023,21/07/2023
1230651,92,4090000,INV53072023,21/07/2023
1230682,1,30000,INV67072023,21/07/2023
1230733,2,140000,INV68072023,21/07/2023
1230745,3,105000,INV69072023,21/07/2023
1230760,67,5720000,INV77072023,21/07/2023
1231319,1,85000,INV58072023,21/07/2023
1231468,1,25000,INV59072023,21/07/2023
1231469,2,111000,INV60072023,21/07/2023
1231470,4,190000,INV61072023,21/07/2023
1231471,4,100000,INV62072023,21/07/2023
1231472,2,20000,INV63072023,21/07/2023
1231473,2,120000,INV64072023,21/07/2023
1231477,14,970000,INV73072023,21/07/2023
1230001,3,255000,INV80072023,26/07/2023
1230383,5,100000,INV78072023,26/07/2023
1231415,26,2000000,INV79072023,26/07/2023
1230641,1,55000,INV82072023,27/07/2023
1231482,3,165000,INV81072023,27/07/2023
1230190,3,235000,INV83072023,28/07/2023
1231501,31,2260000,INV86072023,28/07/2023
1230006,1,80000,INV90072023,30/07/2023
1230298,2,137500,INV89072023,30/07/2023
1230760,5,425000,INV85072023,30/07/2023
1230803,6,450000,INV91072023,30/07/2023
1231174,16,1530000,INV84072023,30/07/2023
1231321,3,210000,INV88072023,30/07/2023
1231487,33,1485000,INV87072023,30/07/2023
1231492,3,175000,INV92072023,30/07/2023
1230051,20,1735000,INV97072023,31/07/2023
1230204,4,100000,INV95072023,31/07/2023
1230651,56,4450000,INV98072023,31/07/2023
1230683,2,160000,INV96072023,31/07/2023
1231105,1,80000,INV94072023,31/07/2023
1231414,5,785000,INV93072023,31/07/2023
1230636,33,2795000,INV03082023,01/08/2023
1231506,33,2480000,INV02082023,01/08/2023
1230389,3,105000,INV05082023,02/08/2023
1231202,264,18360000,INV01082023,02/08/2023
1231497,24,5735000,INV56062023,02/08/2023
1231508,28,980000,INV04082023,02/08/2023
1231508,4,140000,INV06082023,02/08/2023
1230017,3,155000,INV11082023,03/08/2023
1230307,30,2400000,INV13082023,03/08/2023
1230403,2,170000,INV10082023,03/08/2023
1230615,1,65000,INV09082023,03/08/2023
1230626,2,130000,INV07082023,03/08/2023
1230745,1,35000,INV12082023,03/08/2023
1231512,3,255000,INV08082023,03/08/2023
1231258,1,55000,INV14082023,04/08/2023
1230275,3,150000,INV15082023,08/08/2023
1230275,6,300000,INV35082023,08/08/2023
1230309,6,415000,INV29082023,08/08/2023
1230412,4,240000,INV41082023,08/08/2023
1230515,8,320000,INV36082023,08/08/2023
1230541,1,3200000,INV19082023,08/08/2023
1230736,3,650000,INV22082023,08/08/2023
1231174,4,240000,INV30082023,08/08/2023
1231319,12,600000,INV23082023,08/08/2023
1231449,4,315000,INV27082023,08/08/2023
1231520,1,125000,INV16082023,08/08/2023
1231521,13,708000,INV18082023,08/08/2023
1231523,2,480000,INV21082023,08/08/2023
1231526,25,1910000,INV24082023,08/08/2023
1231527,27,1625000,INV25082023,08/08/2023
1231528,3,230000,INV26082023,08/08/2023
1231530,2,140000,INV28082023,08/08/2023
1231533,4,330000,INV31082023,08/08/2023
1231534,13,156000,INV32082023,08/08/2023
1231534,3,36000,INV33082023,08/08/2023
1231536,20,1600000,INV34082023,08/08/2023
1231536,7,105000,INV37082023,08/08/2023
1231540,4430,190490000,INV38082023,08/08/2023
1231540,1622,69746000,INV39082023,08/08/2023
1231543,5,405000,INV42082023,11/08/2023
1231550,5,405000,INV50082023,11/08/2023
1231551,3,220000,INV51082023,11/08/2023
1230017,1,55000,INV47082023,15/08/2023
1230412,3,245000,INV49082023,15/08/2023
1230615,1,70000,INV46082023,15/08/2023
1230733,26,1850000,INV48082023,15/08/2023
1231155,1,95000,INV45082023,15/08/2023
1231234,5,500000,INV44082023,15/08/2023
1231544,1,120000,INV43082023,15/08/2023
1230050,3,140000,INV56082023,16/08/2023
1230065,8,515000,INV64082023,16/08/2023
1230065,6,385000,INV71082023,16/08/2023
1230233,5,400000,INV58082023,16/08/2023
1230274,110,5800000,INV52082023,16/08/2023
1230274,6,235000,INV74082023,16/08/2023
1230347,2,75000,INV82082023,16/08/2023
1230403,2,150000,INV72082023,16/08/2023
1230542,1,50000,INV76082023,16/08/2023
1230666,2,588000,INV62082023,16/08/2023
1230745,2,70000,INV55082023,16/08/2023
1230760,1,95000,INV68082023,16/08/2023
1230790,2,140000,INV54082023,16/08/2023
1230865,1,90000,INV73082023,16/08/2023
1231319,2,140000,INV67082023,16/08/2023
1231506,30,2305000,INV61082023,16/08/2023
1231553,1,85000,INV53082023,16/08/2023
1231558,1,300000,INV59082023,16/08/2023
1231559,1,35000,INV60082023,16/08/2023
1231562,1,85000,INV63082023,16/08/2023
1231564,1,85000,INV65082023,16/08/2023
1231566,6,150000,INV69082023,16/08/2023
1231567,4,200000,INV70082023,16/08/2023
1231567,1,55000,INV75082023,16/08/2023
1231567,1,55000,INV77082023,16/08/2023
1231575,4,270000,INV78082023,16/08/2023
1231576,3,225000,INV79082023,16/08/2023
1231577,1,50000,INV80082023,16/08/2023
1231578,1,30000,INV81082023,16/08/2023
1230006,27,2050000,INV113082023,21/08/2023
1230053,2,120000,INV91082023,21/08/2023
1230058,5,310000,INV85082023,21/08/2023
1230102,1,48000,INV94082023,21/08/2023
1230127,18,1005000,INV101082023,21/08/2023
1230222,53,530000,INV95082023,21/08/2023
1230250,1,25000,INV98082023,21/08/2023
1230250,1,60000,INV99082023,21/08/2023
1230322,1,80000,INV115082023,21/08/2023
1230367,4,300000,INV87082023,21/08/2023
1230390,23,1520000,INV107082023,21/08/2023
1230447,1,50000,INV96082023,21/08/2023
1230494,5,430000,INV110082023,21/08/2023
1230569,3,240000,INV111082023,21/08/2023
1230651,29,2300000,INV103082023,21/08/2023
1230673,1,75000,INV86082023,21/08/2023
1230683,2,120000,INV88082023,21/08/2023
1230728,1,60000,INV109082023,21/08/2023
1230845,1,70000,INV93082023,21/08/2023
1230888,1,45000,INV92082023,21/08/2023
1231221,1,95000,INV100082023,21/08/2023
1231258,1,55000,INV112082023,21/08/2023
1231269,1,65000,INV84082023,21/08/2023
1231506,9,108000,INV105082023,21/08/2023
1231580,22,660000,INV83082023,21/08/2023
1231586,1,90000,INV89082023,21/08/2023
1231587,1,50000,INV90082023,21/08/2023
1231599,4,220000,INV104082023,21/08/2023
1231601,51,255000,INV106082023,21/08/2023
1231603,1,85000,INV108082023,21/08/2023
1231609,1,45000,INV114082023,21/08/2023
1230006,1,70000,INV131082023,23/08/2023
1230190,28,2085000,INV125082023,23/08/2023
1230201,4,100000,INV119082023,23/08/2023
1230322,3,240000,INV126082023,23/08/2023
1230651,21,210000,INV121082023,23/08/2023
1230651,1,65000,INV122082023,23/08/2023
1230745,1,25000,INV129082023,23/08/2023
1231146,2,170000,INV124082023,23/08/2023
1231258,2,110000,INV117082023,23/08/2023
1231567,1,60000,INV123082023,23/08/2023
1231612,6,465000,INV118082023,23/08/2023
1231614,30,2450000,INV120082023,23/08/2023
1231621,13,795000,INV127082023,23/08/2023
1231622,1,35000,INV128082023,23/08/2023
1231624,18,1360000,INV130082023,23/08/2023
1231626,1,85000,INV133082023,24/08/2023
1231646,65,4060000,INV132082023,24/08/2023
1230931,31,2180000,INV134082023,25/08/2023
1231627,2,105000,INV135082023,26/08/2023
1231648,2,300000,INV136082023,28/08/2023
1230115,400,50000000,INV139082023,29/08/2023
1231319,6,300000,INV138082023,29/08/2023
1230017,1,60000,INV144082023,30/08/2023
1230127,1,85000,INV143082023,30/08/2023
1230390,1,65000,INV140082023,30/08/2023
1231630,46,3950000,INV142082023,30/08/2023
1231651,39,3344500,INV141082023,30/08/2023
1230077,1,135000,INV150082023,31/08/2023
1230094,1,80000,INV145082023,31/08/2023
1230094,1,162500,INV153082023,31/08/2023
1230684,16,1320000,INV156082023,31/08/2023
1230684,10,565000,INV157082023,31/08/2023
1230790,2,140000,INV154082023,31/08/2023
1231506,1,25000,INV151082023,31/08/2023
1231630,103,1200000,INV152082023,31/08/2023
1231634,3,45000,INV146082023,31/08/2023
1231635,2,150000,INV147082023,31/08/2023
1231640,1,60000,INV155082023,31/08/2023
1231643,9,1280000,INV158082023,31/08/2023
1231652,1,112500,INV149082023,31/08/2023
1231319,5,355000,INV01092023,01/09/2023
1230017,9,465000,INV04092023,02/09/2023
1230390,3,195000,INV02092023,02/09/2023
1230390,3,225000,INV05092023,02/09/2023
1231656,5,385000,INV03092023,02/09/2023
1231659,2,120000,INV06092023,02/09/2023
1230577,1,95000,INV07092023,03/09/2023
1230322,1,80000,INV10092023,04/09/2023
1231258,1,55000,INV09092023,04/09/2023
1231661,2,120000,INV08092023,04/09/2023
1230615,3,195000,INV11092023,05/09/2023
1231559,2,70000,INV12092023,05/09/2023
1230615,4,225000,INV14092023,06/09/2023
1231667,8,810000,INV15092023,06/09/2023
1230115,410,24865000,INV18092023,07/09/2023
1230115,100,6225000,INV19092023,07/09/2023
1230115,7,1687000,INV20092023,07/09/2023
1231113,1,55000,INV16092023,07/09/2023
1231669,1,50000,INV17092023,07/09/2023
1230251,50,250000,INV23092023,08/09/2023
1230760,11,880000,INV24092023,08/09/2023
1231673,8,710000,INV22092023,08/09/2023
1231676,3,165000,INV25092023,08/09/2023
1230148,5,305000,INV26092023,09/09/2023
1230211,32,3025000,INV137082023,09/09/2023
1230051,9,690000,INV29092023,11/09/2023
1230211,1,90000,INV30092023,11/09/2023
1230274,25,1335000,INV31092023,11/09/2023
1231319,5,250000,INV27092023,11/09/2023
1231679,38,2410000,INV28092023,11/09/2023
1230055,1,35000,INV35092023,12/09/2023
1230636,1,35000,INV34092023,12/09/2023
1231683,1,15000,INV32092023,12/09/2023
1231684,2,70000,INV33092023,12/09/2023
1230347,4,100000,INV38092023,13/09/2023
1230515,4,360000,INV37092023,13/09/2023
1231687,2,170000,INV36092023,13/09/2023
1231690,20,1730000,INV39092023,14/09/2023
1231691,10,590000,INV40092023,14/09/2023
1230205,1,300000,INV41092023,15/09/2023
1231079,20,1565000,INV42092023,15/09/2023
1230019,2,160000,INV45092023,16/09/2023
1230190,7,530000,INV47092023,16/09/2023
1230274,2,90000,INV44092023,16/09/2023
1230733,8,640000,INV48092023,16/09/2023
1231446,23,1980000,INV43092023,16/09/2023
1231697,12,675500,INV46092023,16/09/2023
1231700,4,90000,INV49092023,16/09/2023
1231150,24,1800000,INV51092023,18/09/2023
1230053,2,130000,INV61092023,20/09/2023
1230115,1,200000,INV53092023,20/09/2023
1230274,1,45000,INV59092023,20/09/2023
1230560,2,145000,INV54092023,20/09/2023
1231566,1,25000,INV57092023,20/09/2023
1231704,4,235000,INV55092023,20/09/2023
1231704,1,65000,INV56092023,20/09/2023
1231707,31,2580000,INV58092023,20/09/2023
1231709,1,35000,INV60092023,20/09/2023
1230017,4,180000,INV64092023,25/09/2023
1230051,19,1560000,INV71092023,25/09/2023
1230055,2,150000,INV67092023,25/09/2023
1230222,1,70000,INV76092023,25/09/2023
1230390,3,190000,INV69092023,25/09/2023
1230660,5,60000,INV74092023,25/09/2023
1231150,4,300000,INV62092023,25/09/2023
1231368,2,170000,INV72092023,25/09/2023
1231559,25,2000000,INV77092023,25/09/2023
1231646,62,3790000,INV68092023,25/09/2023
1231713,1,65000,INV65092023,25/09/2023
1231716,2,135000,INV70092023,25/09/2023
1231719,4,100000,INV73092023,25/09/2023
1231721,1,40000,INV75092023,25/09/2023
1231737,16,1330000,INV66092023,25/09/2023
1230017,1,55000,INV83092023,29/09/2023
1230225,22,1965000,INV78092023,29/09/2023
1230274,2,110000,INV90092023,29/09/2023
1230366,1,60000,INV81092023,29/09/2023
1231146,5,425000,INV80092023,29/09/2023
1231724,1,85000,INV79092023,29/09/2023
1231728,2,70000,INV84092023,29/09/2023
1231729,3,85000,INV85092023,29/09/2023
1231730,1,85000,INV87092023,29/09/2023
1231731,3,265000,INV89092023,29/09/2023
1231733,1,85000,INV91092023,29/09/2023
1231739,9,790000,INV86092023,29/09/2023
1230055,1,100000,INV93092023,30/09/2023
1231734,1,50000,INV92092023,30/09/2023
1231734,32,2265000,INV01102023,01/10/2023
1230916,2,195000,INV02102023,02/10/2023
1230077,1,30000,INV04102023,03/10/2023
1230884,2,110000,INV03102023,03/10/2023
1230298,50,4500000,INV05102023,04/10/2023
1230055,18,1920000,INV09102023,05/10/2023
1230273,4,280000,INV07102023,05/10/2023
1231077,1,35000,INV08102023,05/10/2023
1231646,2,130000,INV06102023,05/10/2023
1230887,5,150000,INV10102023,06/10/2023
1231750,4,220000,INV12102023,07/10/2023
1231751,24,1795000,INV13102023,08/10/2023
1230094,1,85000,INV14102023,09/10/2023
1231753,26,1935000,INV16102023,10/10/2023
1231754,29,28150000,INV17102023,10/10/2023
1231755,24,1625000,INV18102023,10/10/2023
1230073,1,50000,INV21102023,11/10/2023
1230220,3,216000,INV20102023,11/10/2023
1231079,22,1905000,INV19102023,11/10/2023
1230052,4,265000,INV22102023,12/10/2023
1230110,2,120000,INV24102023,12/10/2023
1231760,1,75000,INV23102023,12/10/2023
1230340,8,760000,INV31102023,13/10/2023
1231234,4,400000,INV32102023,13/10/2023
1231319,5,250000,INV30102023,13/10/2023
1231719,2,90000,INV27102023,13/10/2023
1231755,5,340000,INV29102023,13/10/2023
1231763,6,420000,INV28102023,13/10/2023
1230065,36,2800000,INV34102023,15/10/2023
1230950,1,80000,INV33102023,15/10/2023
1231319,10,150000,INV35102023,15/10/2023
1231771,3,250000,INV36102023,16/10/2023
1230362,3,105000,INV39102023,17/10/2023
1230931,6,340000,INV41102023,17/10/2023
1231258,1,55000,INV38102023,17/10/2023
1231437,6,480000,INV37102023,17/10/2023
1231523,2,70000,INV40102023,17/10/2023
1230136,3,245000,INV42102023,18/10/2023
1230645,3,145000,INV43102023,19/10/2023
1230065,19,1700000,INV44102023,20/10/2023
1230843,1,80000,INV46102023,20/10/2023
1231781,3,270000,INV47102023,21/10/2023
1231782,4,170000,INV48102023,21/10/2023
1230136,1,100000,INV50102023,23/10/2023
1230627,1,405000,INV51102023,23/10/2023
1231771,3,105000,INV52102023,23/10/2023
1230931,7,340000,INV54102023,26/10/2023
1230298,4,300000,INV59102023,27/10/2023
1230968,12,825000,INV58102023,27/10/2023
1231787,1,65000,INV55102023,27/10/2023
1231788,1,50000,INV56102023,27/10/2023
1231789,5,100000,INV57102023,27/10/2023
1230077,1,320000,INV63102023,28/10/2023
1230115,1,170000,INV72102023,30/10/2023
1230651,6,1320000,INV66102023,30/10/2023
1231559,5,125000,INV69102023,30/10/2023
1231793,2,70000,INV65102023,30/10/2023
1231797,10,100000,INV73102023,30/10/2023
1230389,2,120000,INV76102023,31/10/2023
1230971,1,25000,INV74102023,31/10/2023
